{
  "name": "Regions",
  "mode": "import",
  "queryGroup": "Tables",
  "source": {
    "type": "m",
    "expression": [
      "let",
      "    Source = Sql.Database(#\"SqlEndpoint\",#\"Database\"),",
      "    Data = Source{[Schema=\"Dimview\",Item=\"Regions\"]}[Data],",
      "    #\"Removed Columns\" = Table.RemoveColumns(Data,{\"Tax Rate\", \"System Sales Directors\", \"Station Sales Managers\", \"System Regional Managers\", \"Territory Directors\"})",
      "in",
      "    #\"Removed Columns\""
    ]
  }
}