{
  "name": "date-cf47c131-1ff7-4039-9396-c5913bd00db1",
  "mode": "import",
  "queryGroup": "Tables",
  "source": {
    "type": "m",
    "expression": [
      "let",
      "",
      "EndDt = #date(2024,12,31) as date, ",
      "StartDt = #date(2000,01,01) as date, ",
      "Culture = \"en-US\" as text,",
      "Source = List.Dates(StartDt, Duration.Days(Duration.From(EndDt - StartDt)) + 1, #duration(1, 0, 0, 0)),",
      "TableFromList = Table.FromList(Source, Splitter.SplitByNothing()),",
      "ChangedType = Table.TransformColumnTypes(TableFromList,{{\"Column1\", type date}}),",
      "RenamedColumns = Table.RenameColumns(ChangedType,{{\"Column1\", \"Date\"}}),",
      "    #\"Inserted Year\" = Table.AddColumn(RenamedColumns, \"Year\", each Date.Year([Date]), Int64.Type),",
      "    #\"Inserted Month\" = Table.AddColumn(#\"Inserted Year\", \"Month\", each Date.Month([Date]), Int64.Type),",
      "    #\"Inserted Quarter\" = Table.AddColumn(#\"Inserted Month\", \"Quarter\", each Date.QuarterOfYear([Date]), Int64.Type),",
      "    #\"Inserted Week of Year\" = Table.AddColumn(#\"Inserted Quarter\", \"Week of Year\", each Date.WeekOfYear([Date]), Int64.Type),",
      "    #\"Inserted Week of Month\" = Table.AddColumn(#\"Inserted Week of Year\", \"Week of Month\", each Date.WeekOfMonth([Date]), Int64.Type),",
      "    #\"Inserted Day of Week\" = Table.AddColumn(#\"Inserted Week of Month\", \"Day of Week\", each Date.DayOfWeek([Date]), Int64.Type),",
      "    #\"Inserted Month Name\" = Table.AddColumn(#\"Inserted Day of Week\", \"Month Name\", each Date.MonthName([Date]), type text),",
      "    #\"Inserted First Characters\" = Table.AddColumn(#\"Inserted Month Name\", \"Month Name Short\", each Text.Start([Month Name], 3), type text),",
      "    #\"Inserted Day Name\" = Table.AddColumn(#\"Inserted First Characters\", \"Day Name\", each Date.DayOfWeekName([Date]), type text),",
      "    #\"Inserted First Characters1\" = Table.AddColumn(#\"Inserted Day Name\", \"Day of Week Short\", each Text.Start(Text.From([Day Name], \"en-US\"), 3), type text),",
      "    #\"Inserted Merged Column\" = Table.AddColumn(#\"Inserted First Characters1\", \"Month Year Short\", each Text.Combine({[Month Name Short], Text.End(Text.From([Year], \"en-US\"), 2)}, \" \"), type text)",
      "in",
      "    #\"Inserted Merged Column\""
    ]
  }
}