{
  "name": "Order Status",
  "mode": "import",
  "queryGroup": "Tables",
  "source": {
    "type": "m",
    "expression": [
      "let",
      "    Source = Sql.Database(#\"SqlEndpoint\",#\"Database\"),",
      "    Data = Source{[Schema=\"Dimview\",Item=\"Order Status\"]}[Data],",
      "    #\"Renamed Columns\" = Table.RenameColumns(Data,{{\"Order Status Grouping Ordinal\", \"Order Status Group Order\"}, {\"Order Status Ordinal\", \"Order Status Order\"}})",
      "in",
      "    #\"Renamed Columns\""
    ]
  }
}