{
  "name": "Date Hierarchy",
  "lineageTag": "35bda579-a56d-4b50-a752-bd1d6ee17991",
  "levels": [
    {
      "name": "Year",
      "ordinal": 0,
      "column": "Year",
      "lineageTag": "63fbd3cf-8307-4bb5-b910-8aeb38a3aad8"
    },
    {
      "name": "Quarter",
      "ordinal": 1,
      "column": "Quarter",
      "lineageTag": "53a6eae8-5b95-400d-952c-190b7e2ee8a4"
    },
    {
      "name": "Month",
      "ordinal": 2,
      "column": "Month",
      "lineageTag": "bc877de2-e151-48d6-9b85-22cc49d8bf0e"
    },
    {
      "name": "Day",
      "ordinal": 3,
      "column": "Day",
      "lineageTag": "c2733a81-7b98-4f3f-996a-2f1c28a7b98f"
    }
  ],
  "annotations": [
    {
      "name": "TemplateId",
      "value": "DateHierarchy"
    }
  ]
}