{
  "name": "Date",
  "dataType": "dateTime",
  "sourceColumn": "Date",
  "formatString": "Long Date",
  "lineageTag": "43ce03d7-9c34-48db-a6d7-7b376b77fa88",
  "summarizeBy": "none",
  "variations": [
    {
      "name": "Variation",
      "relationship": "2b4d3dd4-8a78-4111-9092-5f6b90343a42",
      "defaultHierarchy": {
        "table": "LocalDateTable_97c01e0b-7b04-49e5-9561-21ed2a73a7f1",
        "hierarchy": "Date Hierarchy"
      },
      "isDefault": true
    }
  ],
  "annotations": [
    {
      "name": "SummarizationSetBy",
      "value": "Automatic"
    },
    {
      "name": "UnderlyingDateTimeDataType",
      "value": "Date"
    }
  ]
}