{
  "name": "Date Hierarchy",
  "lineageTag": "6ef8c004-7b91-458e-a581-115f1c63d560",
  "levels": [
    {
      "name": "Year",
      "ordinal": 0,
      "column": "Year",
      "lineageTag": "e6c58161-9df3-414b-8ee0-f3f6b7ee9f70"
    },
    {
      "name": "Quarter",
      "ordinal": 1,
      "column": "Quarter",
      "lineageTag": "606ebf29-bb4b-4351-9459-919151f51725"
    },
    {
      "name": "Month",
      "ordinal": 2,
      "column": "Month",
      "lineageTag": "19461bf6-aa04-4671-be2e-feb39d8b138a"
    },
    {
      "name": "Day",
      "ordinal": 3,
      "column": "Day",
      "lineageTag": "80669dc8-75e9-4227-b411-b49584a96cc2"
    }
  ],
  "annotations": [
    {
      "name": "TemplateId",
      "value": "DateHierarchy"
    }
  ]
}