{
  "name": "Date Hierarchy",
  "lineageTag": "08dd0b26-39a2-491b-b638-b889b7cfc34e",
  "levels": [
    {
      "name": "Year",
      "ordinal": 0,
      "column": "Year",
      "lineageTag": "61f5ee8b-5582-4cdc-861c-400e1ac573ba"
    },
    {
      "name": "Quarter",
      "ordinal": 1,
      "column": "Quarter",
      "lineageTag": "c99d8ae0-1fb8-4753-94c0-7fe9825988f6"
    },
    {
      "name": "Month",
      "ordinal": 2,
      "column": "Month",
      "lineageTag": "4776cf9f-9459-4ffc-9617-557c360262c8"
    },
    {
      "name": "Day",
      "ordinal": 3,
      "column": "Day",
      "lineageTag": "cf5c00ed-8f3c-4d57-95e0-84c25986ab0b"
    }
  ],
  "annotations": [
    {
      "name": "TemplateId",
      "value": "DateHierarchy"
    }
  ]
}