{
  "name": "Product Hierarchy",
  "lineageTag": "be3e77c0-e9ee-4ef7-947d-d4d075eeee9a",
  "levels": [
    {
      "name": "Product Type",
      "ordinal": 0,
      "column": "Product Type",
      "lineageTag": "5dc23be4-9e7d-4d9c-9125-29fff24963af"
    },
    {
      "name": "Product Subtype",
      "ordinal": 1,
      "column": "Product Subtype",
      "lineageTag": "aad230ae-d02b-40ca-909f-912eb59dbd84"
    },
    {
      "name": "Product Name",
      "ordinal": 2,
      "column": "Product Name",
      "lineageTag": "2faa8a87-f034-4a37-ae57-78226ae641ee"
    },
    {
      "name": "Part",
      "ordinal": 3,
      "column": "Part",
      "lineageTag": "3f546d11-2759-4b51-bd76-87db29036a7b"
    }
  ],
  "changedProperties": [
    {
      "property": "IsHidden"
    }
  ]
}