{
  "name": "Products",
  "mode": "import",
  "queryGroup": "Tables",
  "source": {
    "type": "m",
    "expression": [
      "let",
      "    Source = Sql.Database(#\"SqlEndpoint\",#\"Database\"),",
      "    Data = Source{[Schema=\"Dimview\",Item=\"Products\"]}[Data],",
      "    #\"Filtered Rows\" = Table.SelectRows(Data, each ([Type] = \"Projectiles\")),",
      "    #\"Merged Queries\" = Table.FuzzyNestedJoin(#\"Filtered Rows\", {\"Sub Brand Name\"}, Brands, {\"Sub Brand\"}, \"Brands\", JoinKind.FullOuter, [IgnoreCase=true, IgnoreSpace=true]),",
      "    #\"Expanded Brands\" = Table.ExpandTableColumn(#\"Merged Queries\", \"Brands\", {\"Flagship\", \"Class\", \"Type\", \"Brand\", \"Product Brand VP\"}, {\"Flagship\", \"Class\", \"Type.1\", \"Brand\", \"Product Brand VP\"}),",
      "    #\"Renamed Columns\" = Table.RenameColumns(#\"Expanded Brands\",{{\"Class\", \"Brand Class\"}, {\"Type.1\", \"Brand Type\"}, {\"Brand\", \"Brand Name\"}, {\"Product Brand VP\", \"Brand VP\"}, {\"Subtype\", \"Product Subtype\"}, {\"Type\", \"Product Type\"}, {\"Material\", \"Part\"}}),",
      "    #\"Filtered Rows1\" = Table.SelectRows(#\"Renamed Columns\", each [Product Key] > 0)",
      "in",
      "    #\"Filtered Rows1\""
    ]
  }
}