{
  "name": "Products",
  "lineageTag": "4963b255-25ef-4ad6-8fc0-3991443146a0",
  "annotations": [
    {
      "name": "PBI_NavigationStepName",
      "value": "Navigation"
    },
    {
      "name": "PBI_ResultType",
      "value": "Table"
    },
    {
      "name": "TabularEditor_Relationships",
      "value": [
        "[",
        "  {",
        "    \"name\": \"40521df9-261d-45f0-8d3f-282cdf3ff6af\",",
        "    \"fromTable\": \"Products\",",
        "    \"fromColumn\": \"Brand Name\",",
        "    \"toTable\": \"zz Avg E2E by Product Brand\",",
        "    \"toColumn\": \"Brand Name\",",
        "    \"isActive\": false",
        "  },",
        "  {",
        "    \"name\": \"09a98a47-3ec2-4534-aab7-f97410af7212\",",
        "    \"fromTable\": \"Products\",",
        "    \"fromColumn\": \"Product Subtype\",",
        "    \"toTable\": \"zz Avg E2E by Product Subtype\",",
        "    \"toColumn\": \"Product Subtype\",",
        "    \"isActive\": false",
        "  },",
        "  {",
        "    \"name\": \"aee91ed3-e637-4150-a8d4-22619ecc0034\",",
        "    \"fromTable\": \"Products\",",
        "    \"fromColumn\": \"Sub Brand Name\",",
        "    \"toTable\": \"Brands\",",
        "    \"toColumn\": \"Sub Brand\"",
        "  }",
        "]"
      ]
    }
  ]
}