{
  "name": "Customers",
  "mode": "import",
  "queryGroup": "Tables",
  "source": {
    "type": "m",
    "expression": [
      "let",
      "",
      "  // Data Source",
      "  Source = Sql.Database(",
      "    #\"SqlEndpoint\", ",
      "    #\"Database\"",
      "  ), ",
      "",
      "  // Step",
      "  Data = Source",
      "    {",
      "      [",
      "        Schema = \"Dimview\", ",
      "        Item   = \"Customers\"",
      "      ]",
      "    }",
      "    [Data],",
      "    #\"Removed Columns\" = Table.RemoveColumns(Data,{\"Key Account Manager\", \"Account Manager\"}),",
      "    #\"Merged Queries\" = Table.NestedJoin(#\"Removed Columns\", {\"Station\"}, Regions, {\"Station\"}, \"Regions\", JoinKind.LeftOuter),",
      "    #\"Expanded Regions\" = Table.ExpandTableColumn(#\"Merged Queries\", \"Regions\", {\"All\", \"System\", \"Interplanetary Region\", \"Territory\", \"Station Type\"}, {\"All\", \"System\", \"Interplanetary Region\", \"Territory\", \"Station Type\"})",
      "in",
      "    #\"Expanded Regions\""
    ]
  }
}