{
  "name": "Date",
  "dataType": "dateTime",
  "sourceColumn": "Date",
  "formatString": "Long Date",
  "lineageTag": "1c521f45-cb4d-444a-94da-8684fd62cf37",
  "summarizeBy": "none",
  "variations": [
    {
      "name": "Variation",
      "relationship": "fccec1a9-5a85-48e6-96d6-cbf8a9134971",
      "defaultHierarchy": {
        "table": "LocalDateTable_28fc2e0f-0ece-4cf1-8e92-e7637363a5e3",
        "hierarchy": "Date Hierarchy"
      },
      "isDefault": true
    }
  ],
  "changedProperties": [
    {
      "property": "IsHidden"
    }
  ],
  "annotations": [
    {
      "name": "SummarizationSetBy",
      "value": "Automatic"
    },
    {
      "name": "UnderlyingDateTimeDataType",
      "value": "Date"
    }
  ]
}