{
  "name": "Forecast (EUR)",
  "dataType": "decimal",
  "sourceColumn": "Forecast (EUR)",
  "formatString": "\\$#,0.###############;(\\$#,0.###############);\\$#,0.###############",
  "lineageTag": "68c093b8-8ce0-44cc-ab2c-213dcc900077",
  "summarizeBy": "sum",
  "changedProperties": [
    {
      "property": "IsHidden"
    }
  ],
  "annotations": [
    {
      "name": "SummarizationSetBy",
      "value": "Automatic"
    },
    {
      "name": "PBI_FormatHint",
      "value": "{\"currencyCulture\":\"en-US\"}"
    }
  ]
}