{
  "name": "Orders",
  "mode": "import",
  "queryGroup": "Tables",
  "source": {
    "type": "m",
    "expression": [
      "let",
      "    Source = Sql.Database(#\"SqlEndpoint\",#\"Database\"),",
      "    Data = Source{[Schema=\"Factview\",Item=\"Orders\"]}[Data],",
      "    #\"Select Columns\" = Table.RemoveColumns ( Data, \"DWCreatedDate\" ),",
      "    #\"Added Custom\" = Table.AddColumn(#\"Select Columns\", \"RandomDays\", each Number.RandomBetween(7, 90), Int64.Type),",
      "    #\"Changed Type\" = Table.TransformColumnTypes(#\"Added Custom\",{{\"RandomDays\", Int64.Type}}),",
      "    #\"Added Custom1\" = Table.AddColumn(#\"Changed Type\", \"Fixed Order Date\", each if [Order Date] = null then Date.AddDays([Request Goods Receipt Date], -[RandomDays]) else [Order Date]),",
      "    #\"Changed Type1\" = Table.TransformColumnTypes(#\"Added Custom1\",{{\"Fixed Order Date\", type date}}),",
      "    #\"Removed Columns\" = Table.RemoveColumns(#\"Changed Type1\",{\"Order Date\", \"RandomDays\"}),",
      "    #\"Renamed Columns\" = Table.RenameColumns(#\"Removed Columns\",{{\"Fixed Order Date\", \"Order Date\"}}),",
      "    #\"Merged Queries\" = Table.NestedJoin(#\"Renamed Columns\", {\"Local Currency\"}, #\"fx$\", {\"From Currency\"}, \"Budget Rate\", JoinKind.LeftOuter),",
      "    #\"Expanded Budget Rate\" = Table.ExpandTableColumn(#\"Merged Queries\", \"Budget Rate\", {\"Rate\"}, {\"Rate\"}),",
      "    #\"Inserted Division\" = Table.AddColumn(#\"Expanded Budget Rate\", \"Net Order Value (EUR)\", each [Net Order Value] / [Rate], type number),",
      "    #\"Renamed Columns1\" = Table.RenameColumns(#\"Inserted Division\",{{\"Net Order Value\", \"Net Order Value (Local Currency)\"}, {\"Rate\", \"Rate (to EUR)\"}, {\"Sales Order Document Line Item Number\", \"Item #\"}, {\"Sales Order Document Number\", \"Order #\"}, {\"Sales Order Document Line Item Status\", \"Item Status\"}}),",
      "    #\"Reordered Columns\" = Table.ReorderColumns(#\"Renamed Columns1\",{\"Order #\", \"Customer Key\", \"Sales Order Document Type Code\", \"Item #\", \"Product Key\", \"Order Date\", \"Request Goods Receipt Date\", \"Ship Date\", \"Confirm Goods Receipt Date\", \"Billing Date\", \"Item Status\", \"Local Currency\", \"Net Order Value (Local Currency)\", \"Net Order Quantity\", \"Rate (to EUR)\", \"Net Order Value (EUR)\"}),",
      "    #\"Renamed Columns2\" = Table.RenameColumns(#\"Reordered Columns\",{{\"Sales Order Document Type Code\", \"Order Doc. Type\"}}),",
      "    #\"Reordered Columns1\" = Table.ReorderColumns(#\"Renamed Columns2\",{\"Order #\", \"Customer Key\", \"Order Doc. Type\", \"Item #\", \"Product Key\", \"Order Date\", \"Request Goods Receipt Date\", \"Ship Date\", \"Confirm Goods Receipt Date\", \"Billing Date\", \"Item Status\", \"Net Order Quantity\", \"Local Currency\", \"Rate (to EUR)\", \"Net Order Value (Local Currency)\", \"Net Order Value (EUR)\"}),",
      "    #\"Inserted Date Subtraction\" = Table.AddColumn(#\"Reordered Columns1\", \"Days On Time\", each Duration.Days([Request Goods Receipt Date] - [Confirm Goods Receipt Date]), Int64.Type),",
      "    #\"Inserted Date Subtraction1\" = Table.AddColumn(#\"Inserted Date Subtraction\", \"Days to Bill\", each Duration.Days([Billing Date] - [Confirm Goods Receipt Date]), Int64.Type),",
      "    #\"Inserted Date Subtraction2\" = Table.AddColumn(#\"Inserted Date Subtraction1\", \"Days to Ship\", each Duration.Days([Order Date] - [Ship Date]), Int64.Type),",
      "    #\"Inserted Date Subtraction3\" = Table.AddColumn(#\"Inserted Date Subtraction2\", \"Days E2E\", each Duration.Days([Billing Date] - [Order Date]), Int64.Type),",
      "    #\"Inserted Date Subtraction4\" = Table.AddColumn(#\"Inserted Date Subtraction3\", \"Days to Deliver\", each Duration.Days([Confirm Goods Receipt Date] - [Ship Date]), Int64.Type),",
      "    #\"Merged Queries1\" = Table.NestedJoin(#\"Inserted Date Subtraction4\", {\"Product Key\"}, Products, {\"Product Key\"}, \"Products\", JoinKind.LeftOuter),",
      "    #\"Expanded Products\" = Table.ExpandTableColumn(#\"Merged Queries1\", \"Products\", {\"Sub Brand Name\", \"Ship Class for Part\", \"Product Name\", \"Product Business Line Leader\", \"Part Fit Grading\", \"Product Subtype\", \"Product Type\", \"Weight (Tonnes)\", \"Maximum Temperature (K)\", \"Velocity Tolerance (Meters / Second)\", \"Tolerance (g)\", \"MK\", \"Color\", \"Production Series\", \"Nameplate\", \"Part\", \"Flagship\", \"Brand Class\", \"Brand Type\", \"Brand Name\", \"Brand VP\"}, {\"Sub Brand Name\", \"Ship Class for Part\", \"Product Name\", \"Product Business Line Leader\", \"Part Fit Grading\", \"Product Subtype\", \"Product Type\", \"Weight (Tonnes)\", \"Maximum Temperature (K)\", \"Velocity Tolerance (Meters / Second)\", \"Tolerance (g)\", \"MK\", \"Color\", \"Production Series\", \"Nameplate\", \"Part\", \"Flagship\", \"Brand Class\", \"Brand Type\", \"Brand Name\", \"Brand VP\"}),",
      "    #\"Filtered Rows\" = Table.SelectRows(#\"Expanded Products\", each [Product Type] = \"Projectiles\"),",
      "    #\"Inserted Merged Column\" = Table.AddColumn(#\"Filtered Rows\", \"Part-Plant Key\", each Text.Combine({[Part], [Local Currency]}, \"-\"), type text),",
      "    #\"Renamed Columns3\" = Table.RenameColumns(#\"Inserted Merged Column\",{{\"Part-Plant Key\", \"Part-Plant Key (Excel VLOOKUP)\"}}),",
      "    #\"Replaced Value\" = Table.ReplaceValue(#\"Renamed Columns3\",null,#date(1900, 1, 1),Replacer.ReplaceValue,{\"Ship Date\", \"Confirm Goods Receipt Date\", \"Billing Date\"})",
      "in",
      "    #\"Replaced Value\""
    ]
  }
}