{
  "name": "b365b9e4-b4e1-43bd-b024-1a6d7b7ddf54",
  "compatibilityLevel": 1571,
  "model": {
    "name": "Orders E2E Analysis",
    "culture": "en-US",
    "dataAccessOptions": {
      "legacyRedirects": true,
      "returnErrorValuesAsNull": true
    },
    "defaultPowerBIDataSourceVersion": "powerBI_V3",
    "discourageImplicitMeasures": true,
    "sourceQueryCulture": "en-US",
    "queryGroups": [
      {
        "folder": "Parameters",
        "annotations": [
          {
            "name": "PBI_QueryGroupOrder",
            "value": "0"
          }
        ]
      },
      {
        "folder": "Tables",
        "annotations": [
          {
            "name": "PBI_QueryGroupOrder",
            "value": "2"
          }
        ]
      }
    ],
    "annotations": [
      {
        "name": "TabularEditor_SerializeOptions",
        "value": "{\"IgnoreInferredObjects\":true,\"IgnoreInferredProperties\":true,\"IgnoreTimestamps\":true,\"SplitMultilineStrings\":true,\"PrefixFilenames\":false,\"LocalTranslations\":true,\"LocalPerspectives\":true,\"LocalRelationships\":true,\"Levels\":[\"Data Sources\",\"Perspectives\",\"Relationships\",\"Roles\",\"Shared Expressions\",\"Tables\",\"Tables/CalculationItems\",\"Tables/Columns\",\"Tables/Hierarchies\",\"Tables/Measures\",\"Tables/Partitions\",\"Translations\"]}"
      },
      {
        "name": "PBI_QueryOrder",
        "value": "[\"Brands\",\"fx$\",\"Customers\",\"Products\",\"Regions\",\"Orders\",\"fcst\",\"order doc type\",\"Order Status\",\"SqlEndpoint\",\"Database\",\"date\"]"
      },
      {
        "name": "TabularEditor_Cultures",
        "value": "[]"
      },
      {
        "name": "TabularEditor_Perspectives",
        "value": "[]"
      }
    ]
  }
}