{
  "name": "zz Avg E2E by Product Subtype-2456a92d-1534-4b30-baf4-9c726048e35a",
  "mode": "import",
  "source": {
    "type": "calculated",
    "expression": "SUMMARIZE ( 'Products', 'Products'[Product Subtype], \"Avg. Days to Deliver\", AVERAGE ( 'Orders'[Days to Deliver] ), \"Avg. Days to Ship\", AVERAGE ( 'Orders'[Days to Ship] ), \"Avg. Days On Time\", AVERAGE ( Orders[Days On Time] ), \"Avg. Days E2E\", AVERAGE ( Orders[Days E2E] ), \"# Late Lines\", CALCULATE (  COUNTROWS( 'Orders' ), 'Orders'[On Time Y/N] = \"On Time\" ), \"# On Time Lines\", CALCULATE (  COUNTROWS( 'Orders' ), 'Orders'[On Time Y/N] <> \"On Time\" ) )"
  }
}