{
  "name": "date",
  "lineageTag": "5238287b-c898-4766-915d-0b2f212ac99f",
  "annotations": [
    {
      "name": "PBI_NavigationStepName",
      "value": "Navigation"
    },
    {
      "name": "PBI_ResultType",
      "value": "Table"
    },
    {
      "name": "TabularEditor_Relationships",
      "value": [
        "[",
        "  {",
        "    \"name\": \"2b4d3dd4-8a78-4111-9092-5f6b90343a42\",",
        "    \"fromTable\": \"date\",",
        "    \"fromColumn\": \"Date\",",
        "    \"toTable\": \"LocalDateTable_97c01e0b-7b04-49e5-9561-21ed2a73a7f1\",",
        "    \"toColumn\": \"Date\",",
        "    \"joinOnDateBehavior\": \"datePartOnly\"",
        "  }",
        "]"
      ]
    }
  ]
}