{
  "name": "Billing Date",
  "dataType": "dateTime",
  "sourceColumn": "Billing Date",
  "formatString": "Long Date",
  "lineageTag": "0dfc4547-ab35-4e31-b8c9-e1ac1f97746e",
  "summarizeBy": "none",
  "variations": [
    {
      "name": "Variation",
      "relationship": "f9a1a6e2-6c90-4cea-9607-fc10fb9a2f85",
      "defaultHierarchy": {
        "table": "LocalDateTable_5cf0b28d-98d3-4fca-99bf-f054dfddcc6f",
        "hierarchy": "Date Hierarchy"
      },
      "isDefault": true
    }
  ],
  "changedProperties": [
    {
      "property": "IsHidden"
    }
  ],
  "annotations": [
    {
      "name": "SummarizationSetBy",
      "value": "Automatic"
    },
    {
      "name": "UnderlyingDateTimeDataType",
      "value": "Date"
    }
  ]
}