{
  "name": "Confirm Goods Receipt Date",
  "dataType": "dateTime",
  "sourceColumn": "Confirm Goods Receipt Date",
  "formatString": "Long Date",
  "lineageTag": "76a947d9-cf88-49b9-945e-9034a3c2ce17",
  "summarizeBy": "none",
  "variations": [
    {
      "name": "Variation",
      "relationship": "a397a87d-7211-4abc-b8af-ef17aa57e77e",
      "defaultHierarchy": {
        "table": "LocalDateTable_511b095e-d2ee-4a3c-95d6-c5b44402b6c8",
        "hierarchy": "Date Hierarchy"
      },
      "isDefault": true
    }
  ],
  "changedProperties": [
    {
      "property": "IsHidden"
    }
  ],
  "annotations": [
    {
      "name": "SummarizationSetBy",
      "value": "Automatic"
    },
    {
      "name": "UnderlyingDateTimeDataType",
      "value": "Date"
    }
  ]
}