{
  "name": "Request Goods Receipt Date",
  "dataType": "dateTime",
  "sourceColumn": "Request Goods Receipt Date",
  "formatString": "Long Date",
  "lineageTag": "1d86455e-0786-4044-a863-46c0f76d2528",
  "summarizeBy": "none",
  "variations": [
    {
      "name": "Variation",
      "relationship": "b4b28b1a-799c-483d-bd0d-4b5650c79208",
      "defaultHierarchy": {
        "table": "LocalDateTable_033294bd-d590-4105-ae0e-8902e4782793",
        "hierarchy": "Date Hierarchy"
      },
      "isDefault": true
    }
  ],
  "changedProperties": [
    {
      "property": "IsHidden"
    }
  ],
  "annotations": [
    {
      "name": "SummarizationSetBy",
      "value": "Automatic"
    },
    {
      "name": "UnderlyingDateTimeDataType",
      "value": "Date"
    }
  ]
}