{
  "name": "Ship Date",
  "dataType": "dateTime",
  "sourceColumn": "Ship Date",
  "formatString": "Long Date",
  "lineageTag": "9792bfa7-8c8a-434d-8cad-919bc7f9ecb8",
  "summarizeBy": "none",
  "variations": [
    {
      "name": "Variation",
      "relationship": "65d73ef4-29a0-4ba6-9f2e-49a59bd36bdc",
      "defaultHierarchy": {
        "table": "LocalDateTable_1e76de21-8777-428a-995d-88fe899406a3",
        "hierarchy": "Date Hierarchy"
      },
      "isDefault": true
    }
  ],
  "changedProperties": [
    {
      "property": "IsHidden"
    }
  ],
  "annotations": [
    {
      "name": "SummarizationSetBy",
      "value": "Automatic"
    },
    {
      "name": "UnderlyingDateTimeDataType",
      "value": "Date"
    }
  ]
}