{
  "name": "Date Hierarchy",
  "lineageTag": "d3bbb869-efb3-4c0d-a5d5-3c5b9b9f2ae0",
  "levels": [
    {
      "name": "Year",
      "ordinal": 0,
      "column": "Year",
      "lineageTag": "b31be533-b236-48e4-bb58-9f70cc259628"
    },
    {
      "name": "Quarter",
      "ordinal": 1,
      "column": "Quarter",
      "lineageTag": "10972452-5d39-4879-8179-364fc45489c1"
    },
    {
      "name": "Month",
      "ordinal": 2,
      "column": "Month",
      "lineageTag": "8a9222e5-1b30-4bba-b421-d5378873bf5f"
    },
    {
      "name": "Day",
      "ordinal": 3,
      "column": "Day",
      "lineageTag": "786e52b9-15a1-4460-837f-fc152ff0d1ab"
    }
  ],
  "annotations": [
    {
      "name": "TemplateId",
      "value": "DateHierarchy"
    }
  ]
}