{
  "name": "Time Intelligence",
  "isHidden": true,
  "lineageTag": "06d80604-395e-436b-8758-bf365cf9f944",
  "calculationGroup": {
    "precedence": 4,
    "calculationItems": [
      {
        "name": "Daily",
        "expression": [
          "",
          "SELECTEDMEASURE()"
        ],
        "ordinal": 0
      },
      {
        "name": "MTD",
        "expression": [
          "",
          "CALCULATE (",
          "    SELECTEDMEASURE (), ",
          "    CALCULATETABLE (",
          "        DATESMTD ('Date'[Date])",
          "    )",
          ")"
        ],
        "ordinal": 1
      },
      {
        "name": "QTD",
        "expression": [
          "",
          "CALCULATE (",
          "    SELECTEDMEASURE (), ",
          "    CALCULATETABLE (",
          "        DATESQTD ('Date'[Date])",
          "    )",
          ")"
        ],
        "ordinal": 2
      },
      {
        "name": "YTD",
        "expression": [
          "",
          "    CALCULATE (",
          "        SELECTEDMEASURE (),",
          "        CALCULATETABLE (",
          "            DATESYTD ('Date'[Date])",
          "        )",
          "    )"
        ],
        "ordinal": 3
      }
    ]
  },
  "annotations": [
    {
      "name": "TabularEditor_Relationships",
      "value": "[]"
    }
  ]
}