{
  "name": "zz Avg E2E by Product Brand-0c413ff9-a305-4037-92ca-70d9bdb90c9c",
  "mode": "import",
  "source": {
    "type": "calculated",
    "expression": "SUMMARIZE ( 'Products', 'Products'[Brand Name], \"Avg. Days to Deliver\", AVERAGE ( 'Orders'[Days to Deliver] ), \"Avg. Days to Ship\", AVERAGE ( 'Orders'[Days to Ship] ), \"Avg. Days On Time\", AVERAGE ( Orders[Days On Time] ), \"Avg. Days E2E\", AVERAGE ( Orders[Days E2E] ), \"# Late Lines\", CALCULATE (  COUNTROWS( 'Orders' ), 'Orders'[On Time Y/N] = \"On Time\" ), \"# On Time Lines\", CALCULATE (  COUNTROWS( 'Orders' ), 'Orders'[On Time Y/N] <> \"On Time\" ) )"
  }
}