{
  "name": "Date Hierarchy",
  "lineageTag": "d8db4f5d-2051-4d1f-8db4-9414626d7957",
  "levels": [
    {
      "name": "Year",
      "ordinal": 0,
      "column": "Year",
      "lineageTag": "45d8ca75-a9f7-431b-83a8-0df43dcd8ca6"
    },
    {
      "name": "Quarter",
      "ordinal": 1,
      "column": "Quarter",
      "lineageTag": "6ea11dac-2f42-4ce4-931f-acc160a283ad"
    },
    {
      "name": "Month",
      "ordinal": 2,
      "column": "Month",
      "lineageTag": "a6d5bdfd-d0bf-4640-9a9b-2a116dc97df3"
    },
    {
      "name": "Day",
      "ordinal": 3,
      "column": "Day",
      "lineageTag": "dad48f91-da21-477f-8584-725394142670"
    }
  ],
  "annotations": [
    {
      "name": "TemplateId",
      "value": "DateHierarchy"
    }
  ]
}