{
  "name": "fcst",
  "lineageTag": "f44175ec-6e73-4cc5-93db-4febba622528",
  "annotations": [
    {
      "name": "PBI_NavigationStepName",
      "value": "Navigation"
    },
    {
      "name": "PBI_ResultType",
      "value": "Table"
    },
    {
      "name": "TabularEditor_Relationships",
      "value": [
        "[",
        "  {",
        "    \"name\": \"fccec1a9-5a85-48e6-96d6-cbf8a9134971\",",
        "    \"fromTable\": \"fcst\",",
        "    \"fromColumn\": \"Date\",",
        "    \"toTable\": \"LocalDateTable_28fc2e0f-0ece-4cf1-8e92-e7637363a5e3\",",
        "    \"toColumn\": \"Date\",",
        "    \"joinOnDateBehavior\": \"datePartOnly\"",
        "  },",
        "  {",
        "    \"name\": \"599b10ac-8bcb-4550-b452-56d8954b2a35\",",
        "    \"toCardinality\": \"many\",",
        "    \"fromTable\": \"fcst\",",
        "    \"fromColumn\": \"Product Type\",",
        "    \"toTable\": \"Products\",",
        "    \"toColumn\": \"Product Type\"",
        "  },",
        "  {",
        "    \"name\": \"703b86a0-df9c-47d6-82e4-7c457de95971\",",
        "    \"toCardinality\": \"many\",",
        "    \"fromTable\": \"fcst\",",
        "    \"fromColumn\": \"Region Territory\",",
        "    \"toTable\": \"Regions\",",
        "    \"toColumn\": \"Territory\"",
        "  }",
        "]"
      ]
    }
  ]
}