{
  "name": "Date Hierarchy",
  "lineageTag": "aad07076-875e-4dd1-891b-abcf3668dfec",
  "levels": [
    {
      "name": "Year",
      "ordinal": 0,
      "column": "Year",
      "lineageTag": "c9b233a6-e812-4a21-84e3-4837187edf22"
    },
    {
      "name": "Quarter",
      "ordinal": 1,
      "column": "Quarter",
      "lineageTag": "3eb22b6b-acdc-44fd-aff3-13d8b1cc9d4d"
    },
    {
      "name": "Month",
      "ordinal": 2,
      "column": "Month",
      "lineageTag": "e10e8d03-d196-44e0-9fd5-baadafd1597c"
    },
    {
      "name": "Day",
      "ordinal": 3,
      "column": "Day",
      "lineageTag": "5a1b9d2c-48ff-432a-b3ca-0ee309276670"
    }
  ],
  "annotations": [
    {
      "name": "TemplateId",
      "value": "DateHierarchy"
    }
  ]
}