{
  "name": "Date Hierarchy",
  "lineageTag": "198c8d5b-020b-4940-9bd4-1327e61159ee",
  "levels": [
    {
      "name": "Year",
      "ordinal": 0,
      "column": "Year",
      "lineageTag": "1d40ec33-8191-4a80-8bc3-64721fe6f204"
    },
    {
      "name": "Quarter",
      "ordinal": 1,
      "column": "Quarter",
      "lineageTag": "96570ef2-3703-4164-95ff-59ec96db8631"
    },
    {
      "name": "Month",
      "ordinal": 2,
      "column": "Month",
      "lineageTag": "a7bdfe79-4dc2-4e7b-ac8f-2df727490ba0"
    },
    {
      "name": "Day",
      "ordinal": 3,
      "column": "Day",
      "lineageTag": "1ff26107-c783-4485-9ea9-1828d2ba1187"
    }
  ],
  "annotations": [
    {
      "name": "TemplateId",
      "value": "DateHierarchy"
    }
  ]
}