{
  "name": "fcst",
  "mode": "import",
  "queryGroup": "Tables",
  "source": {
    "type": "m",
    "expression": [
      "let",
      "    Source = Sql.Database(#\"SqlEndpoint\",#\"Database\"),",
      "    Data = Source{[Schema=\"Factview\",Item=\"Forecast\"]}[Data],",
      "    #\"Select Columns\" = Table.SelectColumns ( Data, {\"Forecast Month\", \"Forecast (EUR)\", \"Region Territory\", \"Product Type\"}),",
      "    #\"Renamed Columns\" = Table.RenameColumns(#\"Select Columns\",{{\"Forecast Month\", \"Date\"}, {\"Forecast (EUR)\", \"Forecast\"}}),",
      "    #\"Filtered Rows\" = Table.SelectRows(#\"Renamed Columns\", each ([Product Type] = \"Projectiles\")),",
      "    #\"Removed Duplicates\" = Table.Distinct(#\"Filtered Rows\", {\"Product Type\", \"Date\"}),",
      "    #\"Renamed Columns1\" = Table.RenameColumns(#\"Removed Duplicates\",{{\"Forecast\", \"Forecast (EUR)\"}}),",
      "    #\"Changed Type\" = Table.TransformColumnTypes(#\"Renamed Columns1\",{{\"Forecast (EUR)\", Currency.Type}})",
      "in",
      "    #\"Changed Type\""
    ]
  }
}