{
  "name": "Orders",
  "lineageTag": "85791d56-7571-4870-ac91-2e53ef43e591",
  "annotations": [
    {
      "name": "PBI_NavigationStepName",
      "value": "Navigation"
    },
    {
      "name": "PBI_ResultType",
      "value": "Table"
    },
    {
      "name": "TabularEditor_Relationships",
      "value": [
        "[",
        "  {",
        "    \"name\": \"f9a1a6e2-6c90-4cea-9607-fc10fb9a2f85\",",
        "    \"fromTable\": \"Orders\",",
        "    \"fromColumn\": \"Billing Date\",",
        "    \"toTable\": \"LocalDateTable_5cf0b28d-98d3-4fca-99bf-f054dfddcc6f\",",
        "    \"toColumn\": \"Date\",",
        "    \"joinOnDateBehavior\": \"datePartOnly\"",
        "  },",
        "  {",
        "    \"name\": \"2500bef2-0624-45e3-af94-749bf624861a\",",
        "    \"fromTable\": \"Orders\",",
        "    \"fromColumn\": \"Brand Name\",",
        "    \"toTable\": \"zz Avg E2E by Product Brand\",",
        "    \"toColumn\": \"Brand Name\"",
        "  },",
        "  {",
        "    \"name\": \"a397a87d-7211-4abc-b8af-ef17aa57e77e\",",
        "    \"fromTable\": \"Orders\",",
        "    \"fromColumn\": \"Confirm Goods Receipt Date\",",
        "    \"toTable\": \"LocalDateTable_511b095e-d2ee-4a3c-95d6-c5b44402b6c8\",",
        "    \"toColumn\": \"Date\",",
        "    \"joinOnDateBehavior\": \"datePartOnly\"",
        "  },",
        "  {",
        "    \"name\": \"c97e9cf2-9441-4f5a-8609-f53e6a3a7571\",",
        "    \"fromTable\": \"Orders\",",
        "    \"fromColumn\": \"Customer Key\",",
        "    \"toTable\": \"Customers\",",
        "    \"toColumn\": \"Customer Key\",",
        "    \"crossFilteringBehavior\": \"bothDirections\"",
        "  },",
        "  {",
        "    \"name\": \"6ef67eab-1e07-436d-a358-6197853f0064\",",
        "    \"fromTable\": \"Orders\",",
        "    \"fromColumn\": \"Item Status\",",
        "    \"toTable\": \"Order Status\",",
        "    \"toColumn\": \"Order Status Code\",",
        "    \"crossFilteringBehavior\": \"bothDirections\"",
        "  },",
        "  {",
        "    \"name\": \"d3b21caa-eed5-4a2b-85a1-92a599807a8a\",",
        "    \"fromTable\": \"Orders\",",
        "    \"fromColumn\": \"Local Currency\",",
        "    \"toTable\": \"fx$\",",
        "    \"toColumn\": \"From Currency\"",
        "  },",
        "  {",
        "    \"name\": \"9542e4d6-5442-4484-aa9c-a9de5e4c7489\",",
        "    \"fromTable\": \"Orders\",",
        "    \"fromColumn\": \"Order Date\",",
        "    \"toTable\": \"date\",",
        "    \"toColumn\": \"Date\",",
        "    \"crossFilteringBehavior\": \"bothDirections\"",
        "  },",
        "  {",
        "    \"name\": \"5c8f76eb-7c06-4ed5-bdc2-6368b1f0ef0a\",",
        "    \"fromTable\": \"Orders\",",
        "    \"fromColumn\": \"Order Doc. Type\",",
        "    \"toTable\": \"order doc type\",",
        "    \"toColumn\": \"Sales Order Document Type Code\",",
        "    \"crossFilteringBehavior\": \"bothDirections\"",
        "  },",
        "  {",
        "    \"name\": \"7664202a-acbb-4942-a83e-60eb3b8537f9\",",
        "    \"fromTable\": \"Orders\",",
        "    \"fromColumn\": \"Product Key\",",
        "    \"toTable\": \"Products\",",
        "    \"toColumn\": \"Product Key\",",
        "    \"crossFilteringBehavior\": \"bothDirections\"",
        "  },",
        "  {",
        "    \"name\": \"efd0522c-10b9-4cec-8b3d-915925ef6b3b\",",
        "    \"fromTable\": \"Orders\",",
        "    \"fromColumn\": \"Product Subtype\",",
        "    \"toTable\": \"zz Avg E2E by Product Subtype\",",
        "    \"toColumn\": \"Product Subtype\"",
        "  },",
        "  {",
        "    \"name\": \"b4b28b1a-799c-483d-bd0d-4b5650c79208\",",
        "    \"fromTable\": \"Orders\",",
        "    \"fromColumn\": \"Request Goods Receipt Date\",",
        "    \"toTable\": \"LocalDateTable_033294bd-d590-4105-ae0e-8902e4782793\",",
        "    \"toColumn\": \"Date\",",
        "    \"joinOnDateBehavior\": \"datePartOnly\"",
        "  },",
        "  {",
        "    \"name\": \"65d73ef4-29a0-4ba6-9f2e-49a59bd36bdc\",",
        "    \"fromTable\": \"Orders\",",
        "    \"fromColumn\": \"Ship Date\",",
        "    \"toTable\": \"LocalDateTable_1e76de21-8777-428a-995d-88fe899406a3\",",
        "    \"toColumn\": \"Date\",",
        "    \"joinOnDateBehavior\": \"datePartOnly\"",
        "  }",
        "]"
      ]
    }
  ]
}